"","Cena","Stanje","Marka","Tip","Model","Godiste","Kilometraza","Kubikaza","kW","KS","Broj.cilindara","Menjac","Boja","Registracija","Poreklo","Ostecenje"
"40",3490,"Polovan motor","Suzuki","Enduro / Cross","DL 1000 V STROM FI",2003,37000,1000,72,98,2," Manuelni"," Siva"," Nije registrovan"," Na ime kupca"," Nije ostecen"
"45",3900,"Polovan motor","Suzuki","Moped","K 5",2005,24000,750,117,159,1," Manuelni"," Crna"," 05.2017.","Domace tablice"," Nije ostecen"
"48",6900,"Polovan motor","Suzuki","Touring","V STROM 650",2011,8900,650,50,68,2," Manuelni"," Crna"," Nije registrovan","Domace tablice"," Nije ostecen"
"120",3700,"Polovan motor","Suzuki","Sport / Super sport","Hayabusa",2002,48560,1300,130,177,4," Manuelni"," Plava"," 09.2017.","Domace tablice"," Nije ostecen"
"176",2300,"Polovan motor","Suzuki","Sport / Super sport","GSXR 600 K3",2003,49000,600,85,116,NA," Manuelni"," Crna"," Nije registrovan","Domace tablice"," Nije ostecen"
"191",2450,"Polovan motor","Suzuki","Scooter","Burgman 650",2002,33000,650,41,56,2," Automatski"," Teget"," 05.2017.","Domace tablice"," Nije ostecen"
"198",1250,"Polovan motor","Suzuki","Sport / Super sport","GSX 600F",1994,30000,600,67,91,4," Manuelni",""," Nije registrovan"," Na ime kupca"," Nije ostecen"
"199",4700,"Polovan motor","Suzuki","Chopper / Cruiser","M50",2006,16000,805,40,54,4," Manuelni"," Bordo"," Nije registrovan","Domace tablice"," Nije ostecen"
"243",3400,"Polovan motor","Suzuki","Scooter","Burgman 650 EXECUTIVE",2008,60000,638,41,55,2," Automatski"," Siva"," Nije registrovan"," Strane tablice"," Nije ostecen"
"248",550,"Polovan motor","Suzuki","Naked","Gs550 vodi se na 125",1988,212123,550,60,82,4," Manuelni","Zuta"," Nije registrovan","Domace tablice"," Nije ostecen"
"250",1000,"Polovan motor","Suzuki","Enduro / Cross","Dr650rse",1992,55000,649,36,49,1," Manuelni"," Crna"," Nije registrovan","Domace tablice"," Nije ostecen"
"259",5000,"Polovan motor","Suzuki","Enduro / Cross","vstrom",2008,14000,649,49,67,2," Manuelni"," Siva"," 06.2017.","Domace tablice"," Nije ostecen"
"264",2300,"Polovan motor","Suzuki","Naked","Bandit 1200",1997,54000,1158,73,99,4," Manuelni"," Plava"," 09.2017.","Domace tablice"," Nije ostecen"
"286",9100,"Polovan motor","Suzuki","Sport / Super sport","Hayabusa",2009,25000,1340,175,238,4," Manuelni"," Plava"," 05.2017.","Domace tablice"," Nije ostecen"
"290",1500,"Polovan motor","Suzuki","Naked","Bandit 600 N",1995,20000,600,57,77,4," Manuelni"," Crvena"," 07.2017.","Domace tablice"," Nije ostecen"
"293",450,"Polovan motor","Suzuki","Scooter","Katana",2001,1111,49,4,5,1," Automatski"," Crna"," Nije registrovan","Domace tablice"," Nije ostecen"
"305",1500,"Polovan motor","Suzuki","Enduro / Cross","RM",1999,10,125,35,48,1," Manuelni","Zuta"," Nije registrovan"," Strane tablice"," Nije ostecen"
"306",1650,"Polovan motor","Suzuki","Sport / Super sport","GSXR SRAD",1998,54000,600,88,120,4," Manuelni"," Plava"," 06.2017.","Domace tablice"," Nije ostecen"
"307",2400,"Polovan motor","Suzuki","Sport / Super sport","gsxr",2001,61000,600,84,114,4," Manuelni"," Crna"," 06.2017.","Domace tablice"," Nije ostecen"
"336",1600,"Polovan motor","Suzuki","Sport / Super sport","gsxr srad",1997,50000,600,78,106,4," Manuelni"," Crna"," Nije registrovan","Domace tablice"," Nije ostecen"
"339",2200,"Polovan motor","Suzuki","Scooter","Burgman",2004,44819,400,24,33,1," Automatski"," Crna"," 09.2016.","Domace tablice"," Nije ostecen"
"341",1300,"Polovan motor","Suzuki","Sport / Super sport","gsx 600 f",1992,70000,600,63,86,4," Manuelni"," Crvena"," 04.2017.","Domace tablice"," Nije ostecen"
"342",5550,"Polovan motor","Suzuki","Sport / Super sport","gsx 600 r",2008,28000,600,100,136,NA," Manuelni"," Crvena"," 05.2016.","Domace tablice"," Nije ostecen"
"347",7699,"Polovan motor","Suzuki","Sport / Super sport","GSXR 1000 L0",2010,25000,999,136,185,4," Manuelni"," Plava"," 06.2017.","Domace tablice"," Nije ostecen"
"352",1100,"Polovan motor","Suzuki","Scooter","burgman",2001,41000,250,17,23,1," Automatski"," Siva"," 09.2017.","Domace tablice"," Nije ostecen"
"362",2590,"Polovan motor","Suzuki","Chopper / Cruiser","intruder600",1997,22000,598,33,45,2," Manuelni"," Tirkiz"," 05.2017.","Domace tablice"," Nije ostecen"
"363",4400,"Polovan motor","Suzuki","Sport / Super sport","GSXR 750",2007,35000,750,111,151,4," Manuelni",""," Nije registrovan","Domace tablice"," Nije ostecen"
"369",1300,"Polovan motor","Suzuki","Sport / Super sport","GSXR1100W",1993,45000,1100,120,163,4," Manuelni"," Crna"," Nije registrovan","Domace tablice"," Nije ostecen"
"378",3700,"Polovan motor","Suzuki","Naked","GSR 600 HITNO",2009,23000,599,72,98,4," Manuelni"," Srebrna"," 05.2017.","Domace tablice"," Nije ostecen"
"389",1050,"Polovan motor","Suzuki","Sport / Super sport","GSX 600F",1994,35000,597,63,86,4," Manuelni"," Crvena"," Nije registrovan","Domace tablice"," Nije ostecen"
"410",5100,"Polovan motor","Suzuki","Sport / Super sport","GSXR 1000 k6",2006,36000,1000,110,150,4," Manuelni"," Plava"," 07.2017.","Domace tablice"," Nije ostecen"
"428",750,"Polovan motor","Suzuki","Sport / Super sport","gsx600f",1992,50000,599,63,86,4," Manuelni"," Crna"," Nije registrovan","Domace tablice"," Nije ostecen"
"430",1550,"Polovan motor","Suzuki","Naked","Bandit Gsf 600N",1998,27000,600,58,79,4," Manuelni"," Crvena"," Nije registrovan","Domace tablice"," Nije ostecen"
"434",800,"Polovan motor","Suzuki","Sport / Super sport","RG 125 F",1996,19493,125,11,15,1," Manuelni"," Plava"," Nije registrovan","Domace tablice"," Nije ostecen"
"457",1100,"Polovan motor","Suzuki","Sport / Super sport","gsx r750",1994,33000,750,84,114,NA," Manuelni"," Plava"," Nije registrovan","Domace tablice"," Nije ostecen"
"464",1850,"Polovan motor","Suzuki","Sport / Super sport","gsxr",1997,55000,600,78,106,4," Manuelni"," Plava"," Nije registrovan","Domace tablice"," Nije ostecen"
"465",4000,"Polovan motor","Suzuki","Naked","GSF 650 Bandit",2007,20700,656,63,85,4," Manuelni"," Plava"," 08.2017.","Domace tablice"," Nije ostecen"
"503",1150,"Polovan motor","Suzuki","Scooter","Burgman",2002,24000,400,28,38,2," Automatski"," Siva"," 08.2017.","Domace tablice"," Nije ostecen"
"518",6700,"Polovan motor","Suzuki","Sport / Super sport","GSXR600",2009,20000,599,92,125,4," Manuelni"," Crna"," 11.2017.","Domace tablice"," Nije ostecen"
"523",8500,"Polovan motor","Suzuki","Chopper / Cruiser","intruder 1800",2007,25894,1800,125,170,4," Manuelni"," Bela"," 05.2017.","Domace tablice"," Nije ostecen"
"525",4450,"Polovan motor","Suzuki","Chopper / Cruiser","boulevard 800 /intruder/",2006,3753,805,39,53,4," Manuelni"," Crna"," Nije registrovan"," Na ime kupca"," Nije ostecen"
"546",3400,"Polovan motor","Suzuki","Sport / Super sport","GSXR K4",2004,38000,1000,121,165,4," Manuelni"," Crna"," Nije registrovan","Domace tablice"," Nije ostecen"
"547",1450,"Polovan motor","Suzuki","Sport / Super sport","rf900r",1995,47000,900,99,135,4," Manuelni"," Crvena"," 04.2017.","Domace tablice"," Nije ostecen"
"553",1850,"Polovan motor","Suzuki","Sport / Super sport","Tl 1000 S",1997,40000,1000,92,125,2," Manuelni"," Crna"," Nije registrovan","Domace tablice"," Nije ostecen"
"563",3500,"Polovan motor","Suzuki","Enduro / Cross","v storm 1000",2004,60000,1000,92,125,NA," Manuelni"," Plava"," Nije registrovan","Domace tablice"," Nije ostecen"
"564",3000,"Polovan motor","Suzuki","Sport / Super sport","K4",2003,42000,600,85,116,4," Manuelni"," Plava"," 07.2017.","Domace tablice"," Nije ostecen"
"566",750,"Polovan motor","Suzuki","Sport / Super sport","gsxf",1991,64300,600,66,90,4," Manuelni"," Crna"," Nije registrovan","Domace tablice"," Nije ostecen"
"574",1500,"Polovan motor","Suzuki","Sport / Super sport","GSXR",1998,52954,750,99,135,4," Manuelni"," Plava"," Nije registrovan","Domace tablice"," Nije ostecen"
"581",850,"Polovan motor","Suzuki","Enduro / Cross","TS125X",1986,32000,125,29,39,1," Manuelni"," Crvena"," Nije registrovan","Domace tablice"," Nije ostecen"
"586",1350,"Polovan motor","Suzuki","Sport / Super sport","GSXR 750 SRAD",1998,54000,749,118,160,4," Manuelni"," Crna"," 08.2017.","Domace tablice"," Nije ostecen"
"589",1099,"Polovan motor","Suzuki","Enduro / Cross","dr 650 RSE",1994,64000,640,27,37,1," Manuelni"," Plava"," Nije registrovan"," Na ime kupca"," Nije ostecen"
"605",950,"Polovan motor","Suzuki","Chopper / Cruiser","Savage 650",1996,53000,652,23,31,1," Manuelni"," Crvena"," 06.2017.","Domace tablice"," Nije ostecen"
"606",1400,"Polovan motor","Suzuki","Sport / Super sport","GSXR 600 SRAD",1997,35000,600,78,106,4," Manuelni"," Plava"," Nije registrovan","Domace tablice"," Nije ostecen"
"630",1200,"Polovan motor","Suzuki","Scooter","burgman",2001,35000,40,25,34,2," Automatski"," Siva"," Nije registrovan","Domace tablice"," Nije ostecen"
"649",2600,"Polovan motor","Suzuki","Sport / Super sport","gsxr 600",2002,15000,600,85,116,4," Manuelni"," Plava"," 01.2017.","Domace tablice"," Nije ostecen"
"663",4200,"Polovan motor","Suzuki","Naked","gsr",2007,42000,600,72,98,4," Manuelni",""," 04.2017.","Domace tablice"," Nije ostecen"
"678",3600,"Polovan motor","Suzuki","Naked","Bandit 650",2005,18277,650,59,80,4," Manuelni"," Crna"," 04.2017.","Domace tablice"," Nije ostecen"
"679",2100,"Polovan motor","Suzuki","Naked","SV 650",2003,23973,645,52,70,2," Manuelni"," Plava"," 07.2017.","Domace tablice"," Nije ostecen"
"680",1550,"Polovan motor","Suzuki","Sport / Super sport","gsx600f",2001,39500,599,60,82,4," Manuelni"," Crvena"," Nije registrovan","Domace tablice"," Nije ostecen"
"697",2600,"Polovan motor","Suzuki","Naked","sv 650",2007,26300,650,55,75,2," Manuelni"," Plava"," Nije registrovan","Domace tablice"," Nije ostecen"
"707",1250,"Polovan motor","Suzuki","Scooter","Scooter",2002,32000,400,24,33,1," Automatski"," Teget"," 04.2017.","Domace tablice"," Nije ostecen"
"721",4450,"Polovan motor","Suzuki","Chopper / Cruiser","boulevard 800 /intruder/",2006,3753,805,39,53,4," Manuelni"," Crna"," Nije registrovan"," Na ime kupca"," Nije ostecen"
"723",950,"Polovan motor","Suzuki","Enduro / Cross","650 FreeWind",1999,52000,650,35,48,1," Manuelni"," Crna"," Nije registrovan","Domace tablice"," Nije ostecen"
"724",5150,"Polovan motor","Suzuki","Sport / Super sport","GSXR 1000 K6",2006,41250,999,131,178,4," Manuelni"," Crna"," 07.2017.","Domace tablice"," Nije ostecen"
"725",3100,"Polovan motor","Suzuki","Sport / Super sport","GSXR",2004,34000,750,108,147,4," Manuelni",""," Nije registrovan","Domace tablice"," Nije ostecen"
"729",3450,"Polovan motor","Suzuki","Enduro / Cross","VSTROM 1000",2004,42000,1000,72,98,2," Manuelni"," Teget"," Nije registrovan","Domace tablice"," Nije ostecen"
"745",2700,"Polovan motor","Suzuki","Scooter","burgman 650",2002,59000,638,41,56,2," Automatski"," Srebrna"," 06.2017.","Domace tablice"," Nije ostecen"
"747",9000,"Polovan motor","Suzuki","Chopper / Cruiser","intruder vzr 1800",2009,16500,1784,92,125,2," Manuelni"," Narand탑asta"," Nije registrovan","Domace tablice"," Nije ostecen"
"757",2300,"Polovan motor","Suzuki","Enduro / Cross","RMZ450",2008,11,450,44,60,1," Manuelni","Zuta"," Nije registrovan"," Strane tablice"," Nije ostecen"
"762",6999,"Polovan motor","Suzuki","Sport / Super sport","gsxr 1000",2008,21000,999,139,189,4," Manuelni"," Bela"," 06.2017.","Domace tablice"," Nije ostecen"
"766",600,"Polovan motor","Suzuki","Scooter","49CCM/KATANA",2000,12000,49,2,3,1," Automatski"," Siva"," Trajno registrovan","Domace tablice"," Nije ostecen"
"784",2895,"Polovan motor","Suzuki","Chopper / Cruiser","Marauder VZ800",2000,20000,800,39,53,NA," Manuelni"," Zelena"," 06.2017.","Domace tablice"," Nije ostecen"
"786",6800,"Polovan motor","Suzuki","Sport / Super sport","GSXR",2009,10,750,110,150,4," Manuelni"," Crna"," 01.2018.","Domace tablice"," Nije ostecen"
"789",1500,"Polovan motor","Suzuki","Naked","Bandit",1996,35254,400,40,54,4," Manuelni"," Zelena"," 07.2017.","Domace tablice"," Nije ostecen"
"790",1800,"Polovan motor","Suzuki","Sport / Super sport","sv",2003,46000,645,52,71,2," Manuelni"," Plava"," 05.2017.","Domace tablice"," Nije ostecen"
"798",5800,"Polovan motor","Suzuki","Scooter","BURGMAN",2015,4478,400,24,33,1," Automatski"," Bela"," 05.2017.","Domace tablice"," Nije ostecen"
"803",4600,"Polovan motor","Suzuki","Sport / Super sport","k7",2007,22000,600,63,86,NA," Manuelni"," Crna"," 07.2017.","Domace tablice"," Nije ostecen"
"811",3650,"Polovan motor","Suzuki","Sport / Super sport","k4",2004,360,1000,125,170,4," Manuelni"," Narand탑asta"," 07.2017.","Domace tablice"," Nije ostecen"
"814",2900,"Polovan motor","Suzuki","Sport / Super sport","GSXR K2",2002,36000,599,85,116,4," Manuelni"," Plava"," 06.2017.","Domace tablice"," Nije ostecen"
"822",6000,"Polovan motor","Suzuki","Sport / Super sport","GSXR 1000 K7",2007,30000,999,136,185,4," Manuelni"," Crna"," Nije registrovan","Domace tablice"," Nije ostecen"
"832",2500,"Polovan motor","Suzuki","Naked","SV 650",2004,25000,650,65,88,2," Manuelni"," Crna"," 04.2017.","Domace tablice"," Nije ostecen"
"833",2350,"Polovan motor","Suzuki","Naked","sv",2003,35871,650,53,72,2," Manuelni"," Siva"," 05.2017.","Domace tablice"," Nije ostecen"
"835",2950,"Polovan motor","Suzuki","Sport / Super sport","Sv 650",2004,39000,650,51,70,NA," Manuelni","Zuta"," 06.2017.","Domace tablice"," Nije ostecen"
"840",1850,"Polovan motor","Suzuki","Scooter","Burgman",2012,69359,125,18,24,2," Automatski"," Crna"," Nije registrovan"," Na ime kupca"," Nije ostecen"
"859",3100,"Polovan motor","Suzuki","Naked","GSR 600 K7",2007,45000,600,72,98,4," Manuelni"," Siva"," 02.2017.","Domace tablice"," Nije ostecen"
"865",1500,"Polovan motor","Suzuki","Sport / Super sport","GSXr",1987,50000,1052,72,98,4," Manuelni",""," Nije registrovan","Domace tablice"," Nije ostecen"
"884",3590,"Polovan motor","Suzuki","Enduro / Cross","DL 650 V STROM FI",2005,28000,650,49,67,2," Manuelni"," Plava"," Nije registrovan"," Na ime kupca"," Nije ostecen"
"905",2200,"Polovan motor","Suzuki","Sport / Super sport","Gsx600r",2003,15544,600,85,116,4," Manuelni"," Plava"," Nije registrovan","Domace tablice"," Nije ostecen"
"906",4950,"Polovan motor","Suzuki","Chopper / Cruiser","intruder boulevard m800",2006,21000,800,39,53,2," Manuelni"," Crna"," 06.2017.","Domace tablice"," Nije ostecen"
"909",230,"Polovan motor","Suzuki","Scooter","seipa 50cc",1995,10000,49,3,4,1," Automatski"," Crna"," 12.2016.","Domace tablice"," Nije ostecen"
"914",800,"Polovan motor","Suzuki","Sport / Super sport","RG 125",1992,50000,125,10,14,2," Manuelni"," Crna"," 06.2017.","Domace tablice"," Nije ostecen"
"925",6850,"Polovan motor","Suzuki","Sport / Super sport","gsxr 600 L0",2011,16900,599,95,129,4," Manuelni","Zuta"," Nije registrovan","Domace tablice"," Nije ostecen"
"945",1100,"Polovan motor","Suzuki","Enduro / Cross","Tsr",1994,28500,124,14,19,1," Manuelni","Zuta"," Nije registrovan"," Na ime kupca"," Nije ostecen"
"949",1350,"Polovan motor","Suzuki","Enduro / Cross","DR",1993,40000,641,34,46,NA," Manuelni"," Plava"," Nije registrovan"," Na ime kupca"," Nije ostecen"
"950",5800,"Polovan motor","Suzuki","Sport / Super sport","GSXR 1000",2007,30580,998,136,185,4," Manuelni"," Plava"," 06.2017.","Domace tablice"," Nije ostecen"
"956",3500,"Polovan motor","Suzuki","Naked","gsr 600",2007,40170,600,74,101,4," Manuelni"," Siva"," Nije registrovan","Domace tablice"," Nije ostecen"
"962",1700,"Polovan motor","Suzuki","Naked","sv 650",2002,55000,650,59,80,2," Manuelni"," Srebrna"," Nije registrovan","Domace tablice"," Nije ostecen"
"964",2800,"Polovan motor","Suzuki","Chopper / Cruiser","savage",2003,6800,652,25,33,1," Manuelni"," Crna"," 08.2017.","Domace tablice"," Nije ostecen"
"997",1350,"Polovan motor","Suzuki","Sport / Super sport","GSX R750",1999,39914,750,84,114,NA," Manuelni"," Crna"," 11.2016.","Domace tablice"," Nije ostecen"
"1001",6850,"Polovan motor","Suzuki","Touring","VStrom DL650A",2016,5,650,51,69,2," Manuelni"," Srebrna"," Nije registrovan"," Na ime kupca"," Nije ostecen"
"1016",3700,"Polovan motor","Suzuki","Scooter","burgman 650 exe",2007,49000,650,41,56,2," Automatski"," Crna"," Nije registrovan","Domace tablice"," Nije ostecen"
"1017",2200,"Polovan motor","Suzuki","Scooter","burgman",2004,54500,385,24,32,1," Automatski"," Kameleon"," 05.2017.","Domace tablice"," Nije ostecen"
"1030",8500,"Polovan motor","Suzuki","Chopper / Cruiser","m109r",2009,40500,1799,95,129,2," Manuelni","Zuta"," 07.2017.","Domace tablice"," Nije ostecen"
"1033",4450,"Polovan motor","Suzuki","Chopper / Cruiser","boulevard 800 /intruder/",2006,3753,805,39,53,4," Manuelni"," Crna"," Nije registrovan"," Na ime kupca"," Nije ostecen"
"1041",1200,"Polovan motor","Suzuki","Sport / Super sport","GSXR",1998,53000,600,81,110,4," Manuelni"," Siva"," 06.2017.","Domace tablice"," Nije ostecen"
"1045",2859,"Polovan motor","Suzuki","Scooter","BURGMAN 400",2008,18800,400,23,31,NA," Automatski"," Siva"," Nije registrovan","Domace tablice"," Nije ostecen"
"1047",700,"Polovan motor","Suzuki","Sport / Super sport","GSX 750",1983,73570,742,58,79,4," Manuelni"," Crvena"," 04.2017.","Domace tablice"," Nije ostecen"
"1052",3699,"Polovan motor","Suzuki","Naked","GSR 600",2008,35500,600,72,98,4," Manuelni"," Crna"," 08.2017.","Domace tablice"," Nije ostecen"
"1068",3500,"Polovan motor","Suzuki","Naked","GSR 600",2008,36000,599,72,98,4," Manuelni"," Plava"," 01.2018.","Domace tablice"," Nije ostecen"
"1070",2250,"Polovan motor","Suzuki","Scooter","Burgman 650",2003,40828,638,41,56,4," Automatski"," Bela"," 05.2017.","Domace tablice"," Nije ostecen"
"1079",3400,"Polovan motor","Suzuki","Naked","GSR 600",2006,28000,600,72,98,4," Manuelni"," Siva"," 12.2017.","Domace tablice"," Nije ostecen"
"1101",2999,"Polovan motor","Suzuki","Scooter","burgman 400",2008,29000,400,25,34,1," Automatski"," Teget"," 06.2017.","Domace tablice"," Nije ostecen"
"1105",990,"Polovan motor","Suzuki","Scooter","Burgman 150",2006,45000,150,10,14,NA," Automatski",""," 06.2017.","Domace tablice"," Nije ostecen"
"1112",5200,"Polovan motor","Suzuki","Touring","v strom",2008,37000,1000,72,98,2," Manuelni"," Crna"," 04.2017.","Domace tablice"," Nije ostecen"
"1118",2400,"Polovan motor","Suzuki","Enduro / Cross","DR 350 S Dual Sport",1992,17600,350,22,30,1," Manuelni"," Bela"," Nije registrovan","Domace tablice"," Nije ostecen"
"1135",2150,"Polovan motor","Suzuki","Sport / Super sport","GsxR",2001,57000,600,84,114,4," Manuelni","Zuta"," 05.2017.","Domace tablice"," Nije ostecen"
"1139",1199,"Polovan motor","Suzuki","Sport / Super sport","GsxR 600 SRAD",1998,49856,600,85,116,4," Manuelni"," Crna"," Nije registrovan","Domace tablice"," Nije ostecen"
"1140",3000,"Polovan motor","Suzuki","Touring","V Strom DL 1000",2002,49000,1000,72,98,2," Manuelni","Zuta"," Nije registrovan","Domace tablice"," Nije ostecen"
"1141",750,"Polovan motor","Suzuki","Scooter","epicuro",2001,19000,150,15,20,NA," Automatski"," Siva"," Nije registrovan"," Na ime kupca"," Nije ostecen"
"1155",1700,"Polovan motor","Suzuki","Sport / Super sport","tl 1000s",1998,42000,996,91,124,2," Manuelni"," Crna"," Nije registrovan","Domace tablice"," Nije ostecen"
"1163",2800,"Polovan motor","Suzuki","Enduro / Cross","RMZ 250",2008,1,249,31,42,1," Manuelni","Zuta"," 06.2017.","Domace tablice"," Nije ostecen"
"1164",1350,"Polovan motor","Suzuki","Sport / Super sport","gsxr 750",1995,28350,749,94,128,4," Manuelni"," Crvena"," Nije registrovan","Domace tablice"," Nije ostecen"
"1165",1950,"Polovan motor","Suzuki","Sport / Super sport","katana GSXF",1999,20000,750,68,92,2," Manuelni"," Crna"," 06.2017.","Domace tablice"," Nije ostecen"
"1181",1150,"Polovan motor","Suzuki","Enduro / Cross","Rm",2011,200,85,22,30,1," Manuelni","Zuta"," Nije registrovan","Domace tablice"," Nije ostecen"
"1198",4450,"Polovan motor","Suzuki","Chopper / Cruiser","boulevard 800 /intruder/",2006,3753,805,39,53,4," Manuelni"," Crna"," Nije registrovan"," Na ime kupca"," Nije ostecen"
"1202",1750,"Polovan motor","Suzuki","Scooter","Burgman",2005,21000,250,16,22,4," Automatski"," Siva"," 05.2017.","Domace tablice"," Nije ostecen"
"1220",1650,"Polovan motor","Suzuki","Scooter","SIXTEEN 125 K8",2008,3000,125,11,15,1," Automatski"," Kameleon"," 01.2018.","Domace tablice"," Nije ostecen"
"1228",2200,"Polovan motor","Suzuki","Sport / Super sport","gsxr",2002,43000,600,85,116,NA," Manuelni"," Plava"," Nije registrovan","Domace tablice"," Nije ostecen"
"1267",1050,"Polovan motor","Suzuki","Enduro / Cross","DR",1993,59167,650,32,44,1," Manuelni"," Plava"," 03.2017.","Domace tablice"," Nije ostecen"
"1274",1200,"Polovan motor","Suzuki","Sport / Super sport","RF600R",1995,46000,600,77,105,4," Manuelni"," Plava"," 11.2017.","Domace tablice"," Nije ostecen"
"1278",1050,"Polovan motor","Suzuki","Sport / Super sport","GSXR 750",1995,64000,750,96,130,4," Manuelni"," Siva"," Nije registrovan","Domace tablice"," Nije ostecen"
"1297",1100,"Polovan motor","Suzuki","Naked","Bandit 600 GSF",1997,31463,599,55,75,4," Manuelni"," Crvena"," 04.2017.","Domace tablice"," Nije ostecen"
"1310",2000,"Polovan motor","Suzuki","Touring","GSX 750 F",2000,44000,750,68,92,4," Manuelni"," Crna"," 06.2017.","Domace tablice"," Nije ostecen"
"1347",1650,"Polovan motor","Suzuki","Sport / Super sport","GSX R Shrad",1998,1,600,81,110,4," Manuelni"," Siva"," 05.2016.","Domace tablice"," Nije ostecen"
"1358",1950,"Polovan motor","Suzuki","Scooter","Burgman",2004,44000,385,24,32,1," Automatski"," Siva"," 04.2017.","Domace tablice"," Nije ostecen"
"1370",1200,"Polovan motor","Suzuki","Enduro / Cross","DR800s",1997,30000,800,29,39,1," Manuelni"," Plava"," 04.2017.","Domace tablice"," Nije ostecen"
"1372",3400,"Polovan motor","Suzuki","Scooter","Burgman 650",2005,33650,650,41,56,2," Automatski"," Siva"," 06.2017.","Domace tablice"," Nije ostecen"
"1374",3450,"Polovan motor","Suzuki","Scooter","Burgman",2012,32000,399,25,34,2," Automatski"," Siva"," Nije registrovan"," Na ime kupca"," Nije ostecen"
"1382",1750,"Polovan motor","Suzuki","Sport / Super sport","K3",2003,49900,600,74,101,NA," Manuelni"," Plava"," Nije registrovan","Domace tablice"," Nije ostecen"
"1396",5500,"Polovan motor","Suzuki","Sport / Super sport","K7",2008,40000,750,110,150,NA," Manuelni"," Crna"," 07.2017.","Domace tablice"," Nije ostecen"
"1405",4800,"Polovan motor","Suzuki","Sport / Super sport","gsxr1000",2005,25000,1000,136,184,4," Manuelni"," Crna"," 07.2017.","Domace tablice"," Nije ostecen"
"1406",2000,"Polovan motor","Suzuki","Scooter","Burgman",2004,10000,650,48,65,2," Automatski"," Siva"," Nije registrovan","Domace tablice"," Nije ostecen"
"1407",1300,"Polovan motor","Suzuki","Enduro / Cross","DR 650 RSE za Hornet",1991,46000,640,26,35,1," Manuelni"," Plava"," 04.2017.","Domace tablice"," Nije ostecen"
"1414",2200,"Polovan motor","Suzuki","Naked","GSF 600 BANDIT",2001,30000,600,57,77,4," Manuelni"," Crna"," 06.2017.","Domace tablice"," Nije ostecen"
"1437",1400,"Polovan motor","Suzuki","Sport / Super sport","gsxr",1997,50000,600,85,115,4," Manuelni"," Crna"," 06.2017."," Na ime kupca"," Nije ostecen"
"1439",4000,"Polovan motor","Suzuki","Naked","GSR",2008,4336,600,72,98,4," Manuelni"," Crna"," Nije registrovan","Domace tablice"," Nije ostecen"
"1441",1800,"Polovan motor","Suzuki","Touring","GSXF 750",2001,43993,750,60,82,4," Manuelni"," Crna"," Nije registrovan","Domace tablice"," Nije ostecen"
"1460",1750,"Polovan motor","Suzuki","Sport / Super sport","Gsx600f",2001,30000,600,59,80,NA," Manuelni"," Plava"," 06.2017.","Domace tablice"," Nije ostecen"
"1471",1650,"Polovan motor","Suzuki","Enduro / Cross","RMZ",2006,1234,250,36,49,NA," Manuelni","Zuta"," Nije registrovan"," Strane tablice"," Nije ostecen"
"1473",500,"Polovan motor","Suzuki","Sport / Super sport","RG125",1986,25000,125,11,15,1," Manuelni",""," Nije registrovan","Domace tablice"," Nije ostecen"
"1480",2650,"Polovan motor","Suzuki","Sport / Super sport","gsxr",2002,27580,1000,125,170,4," Manuelni"," Plava"," 04.2017.","Domace tablice"," Nije ostecen"
"1481",799,"Polovan motor","Suzuki","Scooter","BURGMAN 250",2000,18000,249,17,23,1," Automatski"," Siva"," Nije registrovan","Domace tablice"," Nije ostecen"
"1484",1400,"Polovan motor","Suzuki","Scooter","burgman",2002,26000,400,22,30,1," Automatski"," Plava"," 07.2017.","Domace tablice"," Nije ostecen"
"1505",9500,"Polovan motor","Suzuki","Enduro / Cross","V strom 1000 NOV",2014,13000,1000,74,101,2," Manuelni"," Crvena"," 04.2017.","Domace tablice"," Nije ostecen"
"1506",1550,"Polovan motor","Suzuki","Enduro / Cross","Freewind 650",1997,58000,650,36,49,1," Manuelni"," Crna"," 05.2017.","Domace tablice"," Nije ostecen"
"1510",1000,"Polovan motor","Suzuki","Sport / Super sport","GSX 600 FT",1992,77316,600,63,86,4," Manuelni"," Crvena"," Nije registrovan"," Na ime kupca"," Nije ostecen"
"1525",1200,"Polovan motor","Suzuki","Scooter","Burgman 400",2000,57000,385,25,34,1," Automatski"," Siva"," Nije registrovan","Domace tablice"," Nije ostecen"
"1529",3800,"Polovan motor","Suzuki","Sport / Super sport","GSXR1000",2004,36000,988,121,164,4," Manuelni"," Plava"," 06.2017.","Domace tablice"," Nije ostecen"
"1546",2000,"Polovan motor","Suzuki","Sport / Super sport","sv 650s",2000,58000,645,51,69,2," Manuelni"," Plava"," 02.2017.","Domace tablice"," Nije ostecen"
"1547",1850,"Polovan motor","Suzuki","Moped","gsx 600f",2002,52650,600,60,82,4," Manuelni"," Crvena"," 05.2017.","Domace tablice"," Nije ostecen"
"1558",5150,"Polovan motor","Suzuki","Sport / Super sport","gsxr 750 K7",2006,58000,750,110,150,4," Manuelni"," Crna"," 08.2017.","Domace tablice"," Nije ostecen"
"1567",1950,"Polovan motor","Suzuki","Sport / Super sport","srad",1999,24000,600,81,110,4," Manuelni"," Crna"," 07.2017.","Domace tablice"," Nije ostecen"
"1590",6500,"Polovan motor","Suzuki","Sport / Super sport","GSXR600",2010,30158,599,92,125,4," Manuelni"," Crna"," 09.2017.","Domace tablice"," Nije ostecen"
"1597",1500,"Polovan motor","Suzuki","Sport / Super sport","gsxr",1998,50000,600,81,110,4," Manuelni"," Bela"," Nije registrovan"," Na ime kupca"," Nije ostecen"
"1602",1200,"Polovan motor","Suzuki","Scooter","BURGMAN",2001,41000,250,17,23,1," Automatski"," Siva"," 07.2017.","Domace tablice"," Nije ostecen"
"1603",3350,"Polovan motor","Suzuki","Scooter","burgman",2009,19500,400,25,34,1," Automatski"," Siva"," 05.2017.","Domace tablice"," Nije ostecen"
"1606",449,"Polovan motor","Suzuki","Scooter","katana",2001,25756,49,2,3,1," Automatski"," Crna"," 04.2017.","Domace tablice"," Nije ostecen"
"1617",4400,"Polovan motor","Suzuki","Enduro / Cross","v strom",2005,56000,650,60,82,4," Manuelni",""," 04.2017.","Domace tablice"," Nije ostecen"
"1619",5900,"Polovan motor","Suzuki","Chopper / Cruiser","Intruder VL 1500 C",2006,27500,1462,50,68,2," Manuelni"," Crna"," 09.2017.","Domace tablice"," Nije ostecen"
"1623",2500,"Polovan motor","Suzuki","Sport / Super sport","gsx600f",2007,14000,600,59,80,4," Manuelni"," Plava"," Nije registrovan"," Strane tablice"," Nije ostecen"
"1624",3500,"Polovan motor","Suzuki","Sport / Super sport","Gsxr k4",2004,35000,1000,134,182,4," Manuelni"," Crna"," Nije registrovan"," Na ime kupca"," Nije ostecen"
"1626",2500,"Polovan motor","Suzuki","Sport / Super sport","K2 1000",2002,28536,1000,125,170,4," Manuelni"," Plava"," Nije registrovan","Domace tablice"," Nije ostecen"
"1631",800,"Polovan motor","Suzuki","Chopper / Cruiser","Marauder",1998,29000,125,7,10,1," Manuelni"," Crna"," Nije registrovan","Domace tablice"," Nije ostecen"
"1643",1250,"Polovan motor","Suzuki","Enduro / Cross","DR 650",1992,67000,650,35,48,1," Manuelni"," Bela"," Nije registrovan"," Na ime kupca"," Nije ostecen"
"1655",2900,"Polovan motor","Suzuki","Sport / Super sport","GSXR K2",2002,36000,600,88,120,4," Manuelni","Zuta"," Nije registrovan","Domace tablice"," Nije ostecen"
"1690",5000,"Polovan motor","Suzuki","Chopper / Cruiser","Intruder 800",2008,35000,800,39,53,2," Manuelni"," Crna"," Nije registrovan","Domace tablice"," Nije ostecen"
"1696",750,"Polovan motor","Suzuki","Touring","GSX 550 EF",1987,41238,572,47,64,4," Manuelni"," Plava"," Nije registrovan","Domace tablice"," Nije ostecen"
"1700",700,"Polovan motor","Suzuki","Sport / Super sport","RG 125Gama",1994,35353,124,9,12,1," Manuelni"," Plava"," Nije registrovan"," Na ime kupca"," Nije ostecen"
"1706",1200,"Polovan motor","Suzuki","Naked","SV650 i Gsx750f",2000,34500,649,55,75,2," Manuelni"," Crvena"," 05.2017.","Domace tablice"," Nije ostecen"
"1708",900,"Polovan motor","Suzuki","Sport / Super sport","GSX600F",1990,40000,600,36,49,4," Manuelni"," Bela"," Nije registrovan","Domace tablice"," Nije ostecen"
"1709",1400,"Polovan motor","Suzuki","Scooter","Burgman",2000,12345,400,25,34,4," Automatski"," Plava"," 08.2017.","Domace tablice"," Nije ostecen"
"1712",1000,"Polovan motor","Suzuki","Sport / Super sport","RF 600R",1996,75367,599,72,98,4," Manuelni"," Crvena"," 06.2017.","Domace tablice"," Nije ostecen"
"1718",2200,"Polovan motor","Suzuki","Chopper / Cruiser","VS 800 GLP INTRUDER",1992,58500,805,29,39,2," Manuelni"," Plava"," 07.2017.","Domace tablice"," Nije ostecen"
"1737",3000,"Polovan motor","Suzuki","Sport / Super sport","GSX 600",2000,21000,600,84,114,NA," Manuelni"," Plava"," Nije registrovan","Domace tablice"," Nije ostecen"
"1762",2600,"Polovan motor","Suzuki","Naked","sv 650",2005,39900,650,55,75,2," Manuelni","Zuta"," 05.2017.","Domace tablice"," Nije ostecen"
"1764",1500,"Polovan motor","Suzuki","Naked","gs 500",1995,55800,500,25,34,2," Manuelni"," Ljubi훾asta"," 06.2017.","Domace tablice"," Nije ostecen"
"1767",1000,"Polovan motor","Suzuki","Sport / Super sport","Gsxr 750",1992,40000,749,85,116,4," Manuelni"," Crvena"," Nije registrovan","Domace tablice"," Nije ostecen"
"1768",2750,"Polovan motor","Suzuki","Sport / Super sport","gsxr 750 K2",2001,27500,750,103,140,NA," Manuelni"," Plava"," Nije registrovan","Domace tablice"," Nije ostecen"
"1769",3500,"Polovan motor","Suzuki","Naked","GSR 600",2008,28900,600,72,98,4," Manuelni"," Crvena"," Nije registrovan","Domace tablice"," Nije ostecen"
"1770",4650,"Polovan motor","Suzuki","Naked","GSR 600 Noooov",2010,8767,599,72,98,4," Manuelni"," Crna"," 05.2017.","Domace tablice"," Nije ostecen"
"1782",4450,"Polovan motor","Suzuki","Chopper / Cruiser","boulevard 800 /intruder/",2006,3753,805,39,53,4," Manuelni"," Crna"," Nije registrovan"," Na ime kupca"," Nije ostecen"
"1786",12000,"Polovan motor","Suzuki","Sport / Super sport","Gsx r 1000 L5 L6",2015,10200,998,136,185,4," Manuelni"," Plava"," 02.2017.","Domace tablice"," Nije ostecen"
"1788",1600,"Polovan motor","Suzuki","Scooter","burgman 650",2003,40000,650,45,61,2," Automatski",""," Nije registrovan"," Na ime kupca"," Nije ostecen"
"1797",800,"Polovan motor","Suzuki","Scooter","Epicuro",2002,20142,125,10,14,NA," Automatski"," Crvena"," Nije registrovan","Domace tablice"," Nije ostecen"
"1800",1350,"Polovan motor","Suzuki","Sport / Super sport","gsx 600f",1999,70280,600,60,82,4," Manuelni"," Plava"," 06.2017.","Domace tablice"," Nije ostecen"
"1803",4450,"Polovan motor","Suzuki","Chopper / Cruiser","boulevard 800 /intruder/",2006,3753,805,39,53,4," Manuelni"," Crna"," Nije registrovan"," Na ime kupca"," Nije ostecen"
"1810",1650,"Polovan motor","Suzuki","Chopper / Cruiser","SAVAGE 650ls",1998,21500,652,23,31,1," Manuelni"," Crvena"," Nije registrovan","Domace tablice"," Nije ostecen"
"1815",2200,"Polovan motor","Suzuki","Sport / Super sport","K2 1000R",2002,45000,1000,118,160,4," Manuelni"," Plava"," 05.2017.","Domace tablice"," Nije ostecen"
"1844",1600,"Polovan motor","Suzuki","Sport / Super sport","rf600",1995,57900,600,76,103,4," Manuelni",""," Nije registrovan","Domace tablice"," Nije ostecen"
"1849",950,"Polovan motor","Suzuki","Naked","EN 125",2005,11000,125,6,8,1," Manuelni"," Siva"," 04.2017.","Domace tablice"," Nije ostecen"
"1851",1550,"Polovan motor","Suzuki","Sport / Super sport","gsxr srad",1997,50000,600,86,117,4," Manuelni"," Siva"," Nije registrovan","Domace tablice"," Nije ostecen"
"1860",6000,"Polovan motor","Suzuki","Sport / Super sport","gsxr1000",2007,8500,999,131,178,4," Manuelni"," Crna"," Nije registrovan","Domace tablice"," Nije ostecen"
"1889",4450,"Polovan motor","Suzuki","Chopper / Cruiser","boulevard 800 /intruder/",2006,3753,805,39,53,4," Manuelni"," Crna"," Nije registrovan"," Na ime kupca"," Nije ostecen"
"1897",7000,"Polovan motor","Suzuki","Sport / Super sport","gsxr",2011,18500,750,110,150,4," Manuelni"," Bela"," 05.2017.","Domace tablice"," Nije ostecen"
"1905",1800,"Polovan motor","Suzuki","Enduro / Cross","RMZ 450",2006,100,450,44,60,4," Manuelni","Zuta"," Nije registrovan"," Strane tablice"," Nije ostecen"
"1907",4700,"Polovan motor","Suzuki","Sport / Super sport","GSF Bandit S 650",2010,18330,650,63,86,4," Manuelni"," Crna"," 03.2017.","Domace tablice"," Nije ostecen"
"1918",1800,"Polovan motor","Suzuki","Scooter","Burgman 200 LeoVince",2008,21000,200,16,22,NA," Automatski"," Siva"," 06.2017.","Domace tablice"," Nije ostecen"
"1925",1350,"Polovan motor","Suzuki","Sport / Super sport","GSX 600F",1999,44000,600,59,80,4," Manuelni"," Plava"," Nije registrovan","Domace tablice"," Nije ostecen"
"1931",1299,"Polovan motor","Suzuki","Sport / Super sport","gsxr 750",1993,52000,749,1,1,4," Manuelni"," Crna"," 06.2017.","Domace tablice"," Nije ostecen"
"1940",1850,"Polovan motor","Suzuki","Naked","Bandit 600 A2 25kw",1998,52000,600,25,34,4," Manuelni"," Plava"," Nije registrovan","Domace tablice"," Nije ostecen"
"1941",750,"Polovan motor","Suzuki","Sport / Super sport","GSX",1992,45990,600,63,86,4," Manuelni"," Plava"," Nije registrovan","Domace tablice"," Nije ostecen"
"1945",2100,"Polovan motor","Suzuki","Naked","bandit1200",2001,35600,1198,78,106,4," Manuelni"," Plava"," Nije registrovan","Domace tablice"," Nije ostecen"
"1961",1150,"Polovan motor","Suzuki","Sport / Super sport","SV 650 S",2001,32000,650,52,71,2," Manuelni"," Crvena"," Nije registrovan","Domace tablice"," Nije ostecen"
"1970",1500,"Polovan motor","Suzuki","Enduro / Cross","DR 650 RSE",1992,55000,650,34,46,1," Manuelni"," Crvena"," 08.2017.","Domace tablice"," Nije ostecen"
"1978",2400,"Polovan motor","Suzuki","Sport / Super sport","GSX R600",2002,32000,600,85,115,4," Manuelni"," Plava"," Nije registrovan","Domace tablice"," Nije ostecen"
"1979",4450,"Polovan motor","Suzuki","Sport / Super sport","GSXR K6",2006,21000,1000,133,181,NA," Manuelni",""," 07.2017.","Domace tablice"," Nije ostecen"
"1981",3000,"Polovan motor","Suzuki","Scooter","Burgman 650",2003,51000,650,40,54,2," Automatski"," Plava"," 06.2017.","Domace tablice"," Nije ostecen"
"1995",2499,"Polovan motor","Suzuki","Scooter","Burgman 650",2002,50000,650,41,56,2," Automatski"," Teget"," Nije registrovan","Domace tablice"," Nije ostecen"
"2002",2900,"Polovan motor","Suzuki","Scooter","Burgman AN 400 Z",2007,15100,400,25,34,1," Automatski"," Siva"," Nije registrovan"," Na ime kupca"," Nije ostecen"
"2008",4500,"Polovan motor","Suzuki","Naked","GSF 650S BANDIT",2009,18000,656,63,86,4," Manuelni"," Plava"," Nije registrovan","Domace tablice"," Nije ostecen"
"2009",2000,"Polovan motor","Suzuki","Sport / Super sport","GSXR",1997,41000,600,78,106,4," Manuelni"," Crvena"," 08.2017.","Domace tablice"," Nije ostecen"
"2028",5500,"Polovan motor","Suzuki","Chopper / Cruiser","BOULEVARD 800",2008,15704,805,39,53,2," Manuelni"," Srebrna"," 08.2016.","Domace tablice"," Nije ostecen"
"2033",8200,"Polovan motor","Suzuki","Sport / Super sport","GSXR 1000",2009,30500,1000,138,188,4," Manuelni"," Crna"," 05.2017.","Domace tablice"," Nije ostecen"
"2037",1850,"Polovan motor","Suzuki","Scooter","Burgman",2010,13500,125,11,15,4," Automatski"," Crna"," 07.2017.","Domace tablice"," Nije ostecen"
"2048",900,"Polovan motor","Suzuki","Sport / Super sport","GsxF",1994,70050,750,75,102,4," Manuelni"," Crna"," Nije registrovan","Domace tablice"," Nije ostecen"
"2058",1400,"Polovan motor","Suzuki","Scooter","burgman",2005,28000,150,1,1,NA," Automatski"," Plava"," 06.2017.","Domace tablice"," Nije ostecen"
"2099",900,"Polovan motor","Suzuki","Scooter","gsx 1100F",1992,36482,1100,99,135,4," Manuelni"," Siva"," Nije registrovan"," Na ime kupca"," Nije ostecen"
"2111",600,"Polovan motor","Suzuki","Sport / Super sport","rg 125f",1992,230000,125,10,13,1," Manuelni"," Crna"," Nije registrovan","Domace tablice"," Nije ostecen"
"2130",1399,"Polovan motor","Suzuki","Sport / Super sport","GSXR750",1990,40000,749,72,98,4," Manuelni",""," 09.2017.","Domace tablice"," Nije ostecen"
"2131",4450,"Polovan motor","Suzuki","Chopper / Cruiser","boulevard 800 /intruder/",2006,3753,805,39,53,4," Manuelni"," Crna"," Nije registrovan"," Na ime kupca"," Nije ostecen"
"2142",2100,"Polovan motor","Suzuki","Sport / Super sport","sv650",2005,33000,650,53,72,2," Manuelni"," Siva"," 04.2017.","Domace tablice"," Nije ostecen"
"2147",4300,"Polovan motor","Suzuki","Sport / Super sport","gsxr",2006,32700,600,92,125,4," Manuelni"," Crna"," 06.2017.","Domace tablice"," Nije ostecen"
"2149",1000,"Polovan motor","Suzuki","Naked","gs500e",1996,52000,500,25,34,2," Manuelni"," Crvena"," 06.2017.","Domace tablice"," Nije ostecen"
"2173",1200,"Polovan motor","Suzuki","Scooter","burgman 400",2000,38000,400,24,33,1," Automatski"," Crvena"," 05.2017.","Domace tablice"," Nije ostecen"
"2181",4100,"Polovan motor","Suzuki","Sport / Super sport","K5",2004,25000,600,88,120,4," Manuelni"," Plava"," 10.2017.","Domace tablice"," Nije ostecen"
"2210",5499,"Polovan motor","Suzuki","Scooter","burgman executive",2008,12000,650,44,60,2," Automatski"," Crna"," 05.2017.","Domace tablice"," Nije ostecen"
"2222",2200,"Polovan motor","Suzuki","Sport / Super sport","gsxr",2002,43000,600,85,116,NA," Manuelni"," Plava"," Nije registrovan","Domace tablice"," Nije ostecen"
"2227",1550,"Polovan motor","Suzuki","Sport / Super sport","rf 600r",1994,32000,600,76,103,4," Manuelni"," Narand탑asta"," 07.2017.","Domace tablice"," Nije ostecen"
"2248",2100,"Polovan motor","Suzuki","Sport / Super sport","SV 650 S 25kw",2001,22000,650,52,71,2," Manuelni"," Crvena"," 07.2017.","Domace tablice"," Nije ostecen"
"2252",1300,"Polovan motor","Suzuki","Sport / Super sport","Gsxr",1998,45000,600,86,117,4," Manuelni"," Plava"," Nije registrovan","Domace tablice"," Nije ostecen"
"2266",1280,"Polovan motor","Suzuki","Scooter","Burgman 250",2001,38000,249,17,23,1," Automatski"," Siva"," 06.2017.","Domace tablice"," Nije ostecen"
"2269",1800,"Polovan motor","Suzuki","Naked","GS500",2005,22152,498,35,48,2," Manuelni"," Plava"," 09.2017.","Domace tablice"," Nije ostecen"
"2272",1300,"Polovan motor","Suzuki","Scooter","burgman",2001,42371,250,17,23,1," Automatski"," Siva"," Nije registrovan","Domace tablice"," Nije ostecen"
"2304",1300,"Polovan motor","Suzuki","Supermoto","GSX600F",1999,54000,600,111,151,4," Manuelni"," Plava"," 08.2017.","Domace tablice"," Nije ostecen"
"2316",470,"Polovan motor","Suzuki","Enduro / Cross","ts",1983,31111,125,11,15,1," Manuelni"," Crvena"," Nije registrovan"," Na ime kupca"," Nije ostecen"
"2324",1800,"Polovan motor","Suzuki","Touring","GSX750F",2000,41300,750,68,92,4," Manuelni"," Tirkiz"," 06.2017.","Domace tablice"," Nije ostecen"
"2329",2700,"Polovan motor","Suzuki","Scooter","Burgman 650",2005,19000,650,40,54,NA," Automatski"," Crna"," Nije registrovan","Domace tablice"," Nije ostecen"
"2331",4000,"Polovan motor","Suzuki","Sport / Super sport","GSXR 1300 Hayabusa",2000,55144,1300,129,175,4," Manuelni"," Crna"," 03.2017.","Domace tablice"," Nije ostecen"
"2338",8300,"Polovan motor","Suzuki","Sport / Super sport","gsxr",2008,16357,1300,145,197,4," Manuelni"," Crna"," 06.2017.","Domace tablice"," Nije ostecen"
"2343",6500,"Polovan motor","Suzuki","Enduro / Cross","Vstrom 650",2016,10700,650,50,68,2," Manuelni"," Crna"," 06.2017.","Domace tablice"," Nije ostecen"
"2346",850,"Polovan motor","Suzuki","Sport / Super sport","Gsx600f",1990,50000,599,63,86,4," Manuelni"," Crvena"," Nije registrovan","Domace tablice"," Nije ostecen"
"2354",1400,"Polovan motor","Suzuki","Sport / Super sport","GSX 750 R",1991,65000,7,87,118,4," Manuelni"," Crna"," 09.2017.","Domace tablice"," Nije ostecen"
"2357",1100,"Polovan motor","Suzuki","Sport / Super sport","srad",1996,38101,750,74,101,NA," Manuelni"," Crna"," 06.2017.","Domace tablice"," Nije ostecen"
"2367",3300,"Polovan motor","Suzuki","Scooter","Burgman 400",2009,39000,400,25,34,NA," Manuelni"," Siva"," 05.2017.","Domace tablice"," Nije ostecen"
"2378",2750,"Polovan motor","Suzuki","Naked","BANDIT 1200 N",2002,41000,1200,72,98,4," Manuelni"," Siva"," Nije registrovan"," Na ime kupca"," Nije ostecen"
"2379",1350,"Polovan motor","Suzuki","Enduro / Cross","XF650 FreeWind",1998,43832,650,35,47,1," Manuelni"," Siva"," Nije registrovan","Domace tablice"," Nije ostecen"
"2387",1200,"Polovan motor","Suzuki","Scooter","burgman",2000,60000,400,25,34,1," Automatski"," Siva"," 07.2017.","Domace tablice"," Nije ostecen"
"2390",2200,"Polovan motor","Suzuki","Sport / Super sport","gsxr 1000 k2",2002,47650,1000,117,159,4," Manuelni"," Crna"," 04.2017.","Domace tablice"," Nije ostecen"
"2392",2100,"Polovan motor","Suzuki","Scooter","Burgman 400",2005,32150,400,24,32,1," Automatski"," Siva"," 01.2018.","Domace tablice"," Nije ostecen"
"2393",3500,"Polovan motor","Suzuki","Touring","V STROM DL 1000",2004,34500,1000,72,98,2," Manuelni"," Siva"," 05.2017.","Domace tablice"," Nije ostecen"
"2402",6500,"Polovan motor","Suzuki","Sport / Super sport","GSXR 1000 K7",2007,22000,998,136,185,4," Manuelni"," Bela"," 03.2017.","Domace tablice"," Nije ostecen"
"2403",4800,"Polovan motor","Suzuki","Sport / Super sport","GSXR",2007,24000,600,96,131,4," Manuelni"," Crvena"," 08.2016.","Domace tablice"," Nije ostecen"
"2411",2350,"Polovan motor","Suzuki","Sport / Super sport","gsxr",2001,34150,600,88,120,4," Manuelni"," Plava"," 07.2017.","Domace tablice"," Nije ostecen"
"2430",4450,"Polovan motor","Suzuki","Chopper / Cruiser","boulevard 800 /intruder/",2006,3753,805,39,53,4," Manuelni"," Crna"," Nije registrovan"," Na ime kupca"," Nije ostecen"
"2441",2700,"Polovan motor","Suzuki","Scooter","burgman 400z",2008,5899,400,25,34,1," Automatski"," Crna"," Nije registrovan"," Na ime kupca"," Nije ostecen"
"2482",1050,"Polovan motor","Suzuki","Enduro / Cross","Freewind HITNOO",1997,49000,650,35,48,1," Manuelni"," Zelena"," Nije registrovan","Domace tablice"," Nije ostecen"
"2484",1280,"Polovan motor","Suzuki","Scooter","Burgman 150",2004,25000,152,11,15,4," Automatski"," Teget"," 09.2017.","Domace tablice"," Nije ostecen"
"2487",750,"Polovan motor","Suzuki","Sport / Super sport","gsx1100f hitnoooooo",1994,55844,1098,66,90,4," Manuelni"," Plava"," Nije registrovan"," Na ime kupca"," Nije ostecen"
"2490",4750,"Polovan motor","Suzuki","Chopper / Cruiser","s50",2007,3700,800,147,200,2," Manuelni"," Crna"," 05.2017.","Domace tablice"," Nije ostecen"
"2512",1550,"Polovan motor","Suzuki","Chopper / Cruiser","LS 650 Savage",1994,36000,652,23,31,1," Manuelni",""," 06.2016.","Domace tablice"," Nije ostecen"
"2520",1700,"Polovan motor","Suzuki","Sport / Super sport","strad 750",1998,44000,750,98,133,4," Manuelni"," Crna"," 06.2017.","Domace tablice"," Nije ostecen"
"2524",4450,"Polovan motor","Suzuki","Chopper / Cruiser","boulevard 800 /intruder/",2006,3753,805,39,53,4," Manuelni"," Crna"," Nije registrovan"," Na ime kupca"," Nije ostecen"
"2525",5000,"Polovan motor","Suzuki","Sport / Super sport","Gsxr",2006,43500,600,88,120,4," Manuelni"," Crna"," 07.2017.","Domace tablice"," Nije ostecen"
"2532",1850,"Polovan motor","Suzuki","Naked","Bandit 600 GSF 25 KW",1996,57000,600,25,34,4," Manuelni"," Plava"," 04.2017.","Domace tablice"," Nije ostecen"
"2533",3490,"Polovan motor","Suzuki","Naked","INAZUMA 250",2015,4640,248,18,24,2," Manuelni"," Crna"," 06.2017.","Domace tablice"," Nije ostecen"
"2536",1400,"Polovan motor","Suzuki","Sport / Super sport","750 Gsxf",1992,36534,748,54,73,4," Manuelni"," Crna"," 01.2018.","Domace tablice"," Nije ostecen"
"2540",1500,"Polovan motor","Suzuki","Sport / Super sport","gsxr 600 srad",1997,41000,600,78,106,4," Manuelni"," Plava"," 07.2017.","Domace tablice"," Nije ostecen"
"2551",1300,"Polovan motor","Suzuki","Sport / Super sport","Srad",1996,56325,749,72,98,4," Manuelni","Zuta"," Nije registrovan","Domace tablice"," Nije ostecen"
"2555",2200,"Polovan motor","Suzuki","Oldtimer","GN 400 Tracker",1981,29000,395,20,27,1," Manuelni"," Plava"," Nije registrovan","Domace tablice"," Nije ostecen"
"2563",1650,"Polovan motor","Suzuki","Sport / Super sport","GSXF 600 A2",1998,50000,600,25,34,NA," Manuelni"," Plava"," 11.2017.","Domace tablice"," Nije ostecen"
"2580",1800,"Polovan motor","Suzuki","Scooter","burgman 200",2008,19000,200,14,18,1," Automatski"," Siva"," 10.2017.","Domace tablice"," Nije ostecen"
"2600",800,"Polovan motor","Suzuki","Sport / Super sport","600RF",1995,56524,600,72,98,4," Manuelni"," Siva"," Nije registrovan","Domace tablice"," Nije ostecen"
"2610",3000,"Polovan motor","Suzuki","Chopper / Cruiser","Intruder",1994,33000,805,37,50,2," Manuelni"," Crna"," 10.2017.","Domace tablice"," Nije ostecen"
"2613",6800,"Polovan motor","Suzuki","Sport / Super sport","GSXR 600",2011,18600,600,93,126,NA," Manuelni",""," 09.2017.","Domace tablice"," Nije ostecen"
"2623",4700,"Polovan motor","Suzuki","Enduro / Cross","V Strom DL 650",2008,42000,645,49,67,2," Manuelni"," Siva"," 04.2017.","Domace tablice"," Nije ostecen"
"2626",380,"Polovan motor","Suzuki","Sport / Super sport","rg125",1994,45000,125,7,10,1," Manuelni"," Crna"," Nije registrovan"," Na ime kupca"," Nije ostecen"
"2628",3550,"Polovan motor","Suzuki","Sport / Super sport","GSXR 600",2005,27000,597,95,129,4," Manuelni"," Crna"," 10.2016.","Domace tablice"," Nije ostecen"
"2630",4450,"Polovan motor","Suzuki","Chopper / Cruiser","boulevard 800 /intruder/",2006,3753,805,39,53,4," Manuelni"," Crna"," Nije registrovan"," Na ime kupca"," Nije ostecen"
"2632",3999,"Polovan motor","Suzuki","Naked","Bandit S",2008,14720,650,62,84,4," Manuelni",""," 07.2017.","Domace tablice"," Nije ostecen"
"2633",6200,"Polovan motor","Suzuki","Sport / Super sport","GSXR 1000",2007,29000,999,136,185,4," Manuelni"," Plava"," 06.2017.","Domace tablice"," Nije ostecen"
"2634",4750,"Polovan motor","Suzuki","Chopper / Cruiser","M800",2007,35000,800,40,54,2," Automatski"," Crna"," 06.2017.","Domace tablice"," Nije ostecen"
"2639",1850,"Polovan motor","Suzuki","Scooter","burgman 400",2003,63000,400,24,33,1," Automatski"," Plava"," 06.2017.","Domace tablice"," Nije ostecen"
"2645",7200,"Polovan motor","Suzuki","Sport / Super sport","GSXR 750",2010,12600,750,110,150,4," Manuelni"," Bela"," 07.2017.","Domace tablice"," Nije ostecen"
"2646",500,"Polovan motor","Suzuki","Sport / Super sport","RG",1990,20000,125,15,20,1," Manuelni",""," Nije registrovan","Domace tablice"," Nije ostecen"
"2657",1950,"Polovan motor","Suzuki","Naked","VX 800",1996,39000,805,33,45,2," Manuelni"," Bordo"," 03.2017.","Domace tablice"," Nije ostecen"
"2671",1600,"Polovan motor","Suzuki","Scooter","Burgman za automobil",2001,38000,386,27,37,1," Automatski"," Teget"," Nije registrovan","Domace tablice"," Nije ostecen"
"2685",1580,"Polovan motor","Suzuki","Scooter","Burgman",2002,32210,400,23,31,1," Automatski"," Teget"," 07.2017.","Domace tablice"," Nije ostecen"
"2704",1350,"Polovan motor","Suzuki","Scooter","Burgman 250",2003,38000,249,17,23,1," Automatski"," Plava"," 08.2017.","Domace tablice"," Nije ostecen"
"2706",1250,"Polovan motor","Suzuki","Sport / Super sport","gsxr 750",1992,59400,750,74,101,4," Manuelni"," Crna"," 10.2017.","Domace tablice"," Nije ostecen"
"2715",3300,"Polovan motor","Suzuki","Naked","GSR",2006,37000,600,72,98,4," Manuelni"," Plava"," 01.2018.","Domace tablice"," Nije ostecen"
"2731",3990,"Polovan motor","Suzuki","Touring","V strom 650",2007,31650,645,49,67,2," Manuelni"," Plava"," 03.2017.","Domace tablice"," Nije ostecen"
"2732",3350,"Polovan motor","Suzuki","Sport / Super sport","GSXR",2004,29200,600,90,122,4," Manuelni",""," Nije registrovan","Domace tablice"," Nije ostecen"
"2757",3600,"Polovan motor","Suzuki","Naked","GSR 600",2007,23000,599,72,98,4," Manuelni"," Siva"," 04.2017.","Domace tablice"," Nije ostecen"
"2768",1900,"Polovan motor","Suzuki","Naked","bandit",1997,54000,600,25,34,4," Manuelni"," Crvena"," 07.2017.","Domace tablice"," Nije ostecen"
"2773",13950,"Polovan motor","Suzuki","Sport / Super sport","GSXR1000",2017,10,999,151,205,4," Manuelni"," Plava"," Nije registrovan"," Na ime kupca"," Nije ostecen"
"2780",1650,"Polovan motor","Suzuki","Scooter","burgman 400",2004,30000,400,25,34,1," Automatski"," Plava"," Nije registrovan","Domace tablice"," Nije ostecen"
"2781",4450,"Polovan motor","Suzuki","Chopper / Cruiser","boulevard 800 /intruder/",2006,3753,805,39,53,4," Manuelni"," Crna"," Nije registrovan"," Na ime kupca"," Nije ostecen"
"2785",700,"Polovan motor","Suzuki","Enduro / Cross","tsx",1990,25000,125,12,16,1," Manuelni"," Crna"," Nije registrovan","Domace tablice"," Nije ostecen"
"2795",950,"Polovan motor","Suzuki","Scooter","burgman 400",2000,43000,385,24,32,1," Automatski"," Siva"," Nije registrovan","Domace tablice"," Nije ostecen"
"2801",1950,"Polovan motor","Suzuki","Scooter","burgman",2008,45000,400,33,45,1," Automatski"," Plava"," Nije registrovan"," Strane tablice"," Nije ostecen"
"2805",3950,"Polovan motor","Suzuki","Sport / Super sport","bandit gsf 650",2009,25180,656,57,77,4," Manuelni"," Srebrna"," 05.2017.","Domace tablice"," Nije ostecen"
"2810",3300,"Polovan motor","Suzuki","Scooter","BURGMAN",2009,18000,400,25,34,NA," Automatski"," Siva"," Nije registrovan","Domace tablice"," Nije ostecen"
"2819",8500,"Polovan motor","Suzuki","Enduro / Cross","V strom 650xt",2015,20000,650,52,71,2," Manuelni"," Siva"," 07.2017.","Domace tablice"," Nije ostecen"
"2820",6490,"Polovan motor","Suzuki","Enduro / Cross","V Strom",2014,14000,650,51,69,2," Manuelni"," Plava"," 03.2017.","Domace tablice"," Nije ostecen"
"2824",650,"Polovan motor","Suzuki","Naked","gs 500",1992,3000,500,34,46,2," Manuelni"," Bela"," 05.2017.","Domace tablice"," Nije ostecen"
"2829",800,"Polovan motor","Suzuki","Enduro / Cross","RM",2002,5,85,16,22,1," Manuelni",""," Nije registrovan"," Strane tablice"," Nije ostecen"
"2840",1350,"Polovan motor","Suzuki","Enduro / Cross","DR 850 S",1990,56762,779,35,48,1," Manuelni"," Plava"," 05.2017.","Domace tablice"," Nije ostecen"
"2842",600,"Polovan motor","Suzuki","Enduro / Cross","dr",1987,15224,600,37,50,1," Manuelni"," Plava"," Nije registrovan","Domace tablice"," Nije ostecen"
"2845",1300,"Polovan motor","Suzuki","Sport / Super sport","gsxr",1999,62000,600,74,100,NA," Manuelni"," Plava"," Nije registrovan","Domace tablice"," Nije ostecen"
"2846",4300,"Polovan motor","Suzuki","Sport / Super sport","GSXR 600 K7",2008,35000,600,92,125,4," Manuelni"," Crna"," Nije registrovan","Domace tablice"," Nije ostecen"
"2847",2500,"Polovan motor","Suzuki","Scooter","burgman",2010,35000,200,13,18,NA," Automatski"," Plava"," 06.2017.","Domace tablice"," Nije ostecen"
"2856",1600,"Polovan motor","Suzuki","Sport / Super sport","GSXR SRAD",1999,38700,600,81,110,4," Manuelni"," Bela"," 06.2017.","Domace tablice"," Nije ostecen"
"2887",5300,"Polovan motor","Suzuki","Chopper / Cruiser","VL1500",2002,15500,1500,50,68,2," Manuelni"," Bela"," 01.2017.","Domace tablice"," Nije ostecen"
"2893",7000,"Polovan motor","Suzuki","Enduro / Cross","V strom",2008,33000,996,72,98,2," Manuelni"," Siva"," 06.2017.","Domace tablice"," Nije ostecen"
"2895",1800,"Polovan motor","Suzuki","Sport / Super sport","GSXF 600 A2",1998,35000,600,25,34,4," Manuelni"," Plava"," 06.2017.","Domace tablice"," Nije ostecen"
"2899",1299,"Polovan motor","Suzuki","Sport / Super sport","gsxf",1990,10500,1127,66,90,4," Manuelni"," Plava"," Nije registrovan","Domace tablice"," Nije ostecen"
"2903",1350,"Polovan motor","Suzuki","Scooter","AN 125",2008,2500,125,7,10,1," Automatski"," Crvena"," 07.2017.","Domace tablice"," Nije ostecen"
"2914",1900,"Polovan motor","Suzuki","Scooter","Burgman",2005,28000,400,25,34,1," Automatski"," Siva"," 07.2017.","Domace tablice"," Nije ostecen"
"2923",1700,"Polovan motor","Suzuki","Naked","Bandit",1996,60432,599,55,75,4," Manuelni"," Crvena"," Nije registrovan","Domace tablice"," Nije ostecen"
"2928",1250,"Polovan motor","Suzuki","Enduro / Cross","DR 800 Big",1991,44000,779,29,39,1," Manuelni"," Crvena"," 08.2017.","Domace tablice"," Nije ostecen"
"2953",7499,"Polovan motor","Suzuki","Chopper / Cruiser","VLR 1800",2008,8900,1783,84,114,NA," Manuelni"," Crna"," 08.2016.","Domace tablice"," Nije ostecen"
"2968",900,"Polovan motor","Suzuki","Sport / Super sport","Gsx 600F",1992,35000,599,63,86,4," Manuelni"," Crvena"," Nije registrovan","Domace tablice"," Nije ostecen"
"2970",2000,"Polovan motor","Suzuki","Sport / Super sport","RF900R",1997,40000,900,99,135,4," Manuelni"," Ljubi훾asta"," 04.2017.","Domace tablice"," Nije ostecen"
"2973",6500,"Polovan motor","Suzuki","Sport / Super sport","GSX R 600 K8",2008,18000,600,92,125,4," Manuelni"," Plava"," 04.2016.","Domace tablice"," Nije ostecen"
"2980",4300,"Polovan motor","Suzuki","Chopper / Cruiser","Intruder",2004,15000,805,39,53,4," Automatski"," Crna"," Nije registrovan","Domace tablice"," Nije ostecen"
"2990",280,"Polovan motor","Suzuki","Scooter","Adress 50",1998,8000,50,2,3,1," Automatski"," Narand탑asta"," 04.2017.","Domace tablice"," Nije ostecen"
"3009",800,"Polovan motor","Suzuki","Naked","GS 500 E",1990,50000,500,34,46,2," Manuelni"," Crvena"," Nije registrovan","Domace tablice"," Nije ostecen"
"3011",2700,"Polovan motor","Suzuki","Naked","gsf1200 bandit",2000,53000,1157,74,100,4," Manuelni"," Crvena"," 05.2017.","Domace tablice"," Nije ostecen"
"3020",1200,"Polovan motor","Suzuki","Touring","gs450s",1988,25000,444,31,42,2," Manuelni"," Crna"," Nije registrovan","Domace tablice"," Nije ostecen"
"3024",1700,"Polovan motor","Suzuki","Scooter","Burgman",2003,28000,400,24,33,1," Automatski"," Siva"," 03.2017.","Domace tablice"," Nije ostecen"
"3029",2200,"Polovan motor","Suzuki","Sport / Super sport","gsxf 750",2003,14000,750,77,105,4," Manuelni"," Crna"," Nije registrovan","Domace tablice"," Nije ostecen"
"3052",2050,"Polovan motor","Suzuki","Naked","GSF 1200S Bandit",2002,42000,1159,72,98,4," Manuelni"," Plava"," Nije registrovan","Domace tablice"," Nije ostecen"
"3059",1800,"Polovan motor","Suzuki","Scooter","Burgman",2004,25674,400,25,34,1," Automatski",""," 09.2017.","Domace tablice"," Nije ostecen"
"3065",3350,"Polovan motor","Suzuki","Scooter","burgman",2008,19000,400,25,34,4," Automatski"," Tirkiz"," Nije registrovan","Domace tablice"," Nije ostecen"
"3080",3800,"Polovan motor","Suzuki","Enduro / Cross","DL 1000 Vstrom",2003,35800,1000,73,99,4," Manuelni"," Plava"," Nije registrovan","Domace tablice"," Nije ostecen"
"3091",700,"Polovan motor","Suzuki","Sport / Super sport","Gsxr",1992,40000,750,58,79,4," Manuelni","Zuta"," Nije registrovan","Domace tablice"," Nije ostecen"
"3094",2700,"Polovan motor","Suzuki","Sport / Super sport","gsxr",2007,33000,750,115,156,4," Manuelni"," Bela"," 07.2017.","Domace tablice"," ostecen - u voznom stanju"
"3095",3700,"Polovan motor","Suzuki","Scooter","burgman",2007,19000,650,41,56,2," Automatski",""," 06.2017.","Domace tablice"," Nije ostecen"
"3103",5100,"Polovan motor","Suzuki","Touring","V STROM 1000",2005,41150,996,72,98,2," Manuelni"," Srebrna"," 01.2018.","Domace tablice"," Nije ostecen"
"3119",2500,"Polovan motor","Suzuki","Scooter","Burgman AN 400",2007,37800,400,25,34,1," Automatski"," Crna"," 05.2017.","Domace tablice"," Nije ostecen"
"3131",1300,"Polovan motor","Suzuki","Sport / Super sport","gsxf",1995,52000,1100,100,136,4," Manuelni"," Crna"," Nije registrovan","Domace tablice"," Nije ostecen"
"3139",3200,"Polovan motor","Suzuki","Naked","bandit 1200",2004,49000,1157,72,98,4," Manuelni"," Plava"," 06.2017.","Domace tablice"," Nije ostecen"
"3161",700,"Polovan motor","Suzuki","Sport / Super sport","600F",1996,1,600,1,1,4," Manuelni"," Crna"," Nije registrovan","Domace tablice"," Nije ostecen"
"3162",1299,"Polovan motor","Suzuki","Scooter","Burgman 400",2000,26884,400,24,32,1," Automatski"," Siva"," 09.2017."," Na ime kupca"," Nije ostecen"
"3164",950,"Polovan motor","Suzuki","Sport / Super sport","GSX600F",1995,24488,600,63,86,4," Manuelni"," Plava"," Nije registrovan","Domace tablice"," Nije ostecen"
"3168",1999,"Polovan motor","Suzuki","Naked","Bandit",1997,56012,599,25,34,4," Manuelni"," Plava"," 05.2017.","Domace tablice"," Nije ostecen"
"3173",750,"Polovan motor","Suzuki","Touring","gsx 550 ef",1985,46998,572,34,46,4," Manuelni"," Crna"," Nije registrovan","Domace tablice"," Nije ostecen"
"3176",1100,"Polovan motor","Suzuki","Scooter","burgman",2003,13658,125,13,18,1," Automatski"," Plava"," 08.2017.","Domace tablice"," Nije ostecen"
"3185",3499,"Polovan motor","Suzuki","Sport / Super sport","gsxr 750",2000,39000,750,117,159,4," Manuelni"," Plava"," 05.2015.","Domace tablice"," Nije ostecen"
"3200",2200,"Polovan motor","Suzuki","Scooter","Burgman an 400",2004,26800,385,25,34,1," Automatski"," Srebrna"," 09.2016.","Domace tablice"," Nije ostecen"
"3201",3150,"Polovan motor","Suzuki","Supermoto","GSX R",2002,39500,750,110,150,4," Manuelni"," Bela"," 05.2017.","Domace tablice"," Nije ostecen"
"3227",870,"Polovan motor","Suzuki","Naked","gsx 400 e",1983,58000,398,20,27,2," Manuelni"," Crvena"," 04.2017.","Domace tablice"," Nije ostecen"
"3230",3000,"Polovan motor","Suzuki","Sport / Super sport","GSXF 750",2006,8000,750,66,90,4," Manuelni"," Crna"," Nije registrovan","Domace tablice"," Nije ostecen"
"3237",650,"Polovan motor","Suzuki","Sport / Super sport","Gsr",1990,222,600,63,86,4," Manuelni","Zuta"," Nije registrovan","Domace tablice"," ostecen - u voznom stanju"
"3238",1200,"Polovan motor","Suzuki","Sport / Super sport","Gsxr 600 RIZLA HITNO",1999,11111,600,88,120,4," Manuelni"," Plava"," Nije registrovan","Domace tablice"," Nije ostecen"
"3244",4550,"Polovan motor","Suzuki","Chopper / Cruiser","Intruder M800",2007,30000,800,40,54,2," Manuelni"," Crna"," 04.2017.","Domace tablice"," Nije ostecen"
"3245",800,"Polovan motor","Suzuki","Sport / Super sport","gsx600f",1989,41500,600,37,50,4," Manuelni"," Crvena"," Nije registrovan","Domace tablice"," Nije ostecen"
"3246",1500,"Polovan motor","Suzuki","Sport / Super sport","SRAD 750",1999,70000,750,100,136,4," Manuelni",""," 02.2017.","Domace tablice"," Nije ostecen"
"3252",1700,"Polovan motor","Suzuki","Sport / Super sport","GSX R 600",2001,61000,599,88,120,4," Manuelni"," Crna"," Nije registrovan"," Strane tablice"," Nije ostecen"
"3253",3050,"Polovan motor","Suzuki","Naked","GSF 1200 N Bandit",2003,32700,1157,72,98,4," Manuelni"," Siva"," 07.2017.","Domace tablice"," Nije ostecen"
"3258",980,"Polovan motor","Suzuki","Scooter","Burgman",1998,1,250,18,24,1," Automatski"," Siva"," Nije registrovan","Domace tablice"," Nije ostecen"
"3273",3700,"Polovan motor","Suzuki","Scooter","Burgman EXECUTIVE",2008,28070,638,40,54,2," Automatski"," Crna"," 02.2017.","Domace tablice"," Nije ostecen"
"3279",4800,"Polovan motor","Suzuki","Enduro / Cross","V Strom 1000",2006,93000,1000,72,98,2," Manuelni"," Siva"," 12.2016.","Domace tablice"," Nije ostecen"
"3302",1700,"Polovan motor","Suzuki","Naked","VX 800",1992,92000,800,45,61,2," Manuelni"," Crna"," 01.2018.","Domace tablice"," Nije ostecen"
"3303",700,"Polovan motor","Suzuki","Enduro / Cross","Ts125",1995,28543,125,10,13,1," Manuelni","Zuta"," Nije registrovan","Domace tablice"," Nije ostecen"
"3310",5000,"Polovan motor","Suzuki","Sport / Super sport","GSXR 1000 k7 FIKSNA",2007,35000,999,136,185,4," Manuelni"," Bela"," 05.2017.","Domace tablice"," Nije ostecen"
"3311",7399,"Polovan motor","Suzuki","Enduro / Cross","v strom DL 650 ABS",2014,6300,649,50,68,2," Manuelni"," Bela"," 04.2017.","Domace tablice"," Nije ostecen"
"3315",3350,"Polovan motor","Suzuki","Sport / Super sport","GSXR",2005,39500,600,84,114,4," Manuelni"," Plava"," 08.2017.","Domace tablice"," Nije ostecen"
"3327",2850,"Polovan motor","Suzuki","Sport / Super sport","Gsxr",2004,53000,998,127,173,4," Manuelni"," Crna"," Nije registrovan","Domace tablice"," Nije ostecen"
"3330",1600,"Polovan motor","Suzuki","Naked","gsxr1100w",1996,37000,1098,110,150,4," Manuelni"," Crna"," Nije registrovan","Domace tablice"," Nije ostecen"
"3342",1300,"Polovan motor","Suzuki","Enduro / Cross","xf650",1999,81000,650,36,49,1," Manuelni"," Crvena"," Nije registrovan","Domace tablice"," Nije ostecen"
"3345",1000,"Polovan motor","Suzuki","Sport / Super sport","GSXF",1990,111,748,78,106,4," Manuelni"," Teget"," Nije registrovan","Domace tablice"," Nije ostecen"
"3352",5900,"Polovan motor","Suzuki","Sport / Super sport","gsx R 600",2008,19000,599,92,125,NA," Manuelni"," Plava"," 03.2017.","Domace tablice"," Nije ostecen"
"3354",3000,"Polovan motor","Suzuki","Sport / Super sport","GSX600R",2004,34000,600,88,120,4," Manuelni","Zuta"," Nije registrovan","Domace tablice"," Nije ostecen"
"3357",1250,"Polovan motor","Suzuki","Scooter","Burgman 250",2002,37700,250,17,23,1," Automatski"," Plava"," 05.2017.","Domace tablice"," Nije ostecen"
"3366",3400,"Polovan motor","Suzuki","Enduro / Cross","vstrom",2002,60000,1000,72,98,2," Manuelni"," Crna"," 06.2017.","Domace tablice"," Nije ostecen"
"3369",550,"Polovan motor","Suzuki","Scooter","Katana 49 AC",2000,27000,49,3,4,1," Automatski","Zuta"," Trajno registrovan","Domace tablice"," Nije ostecen"
"3371",1100,"Polovan motor","Suzuki","Naked","SV650",2001,30000,649,52,71,2," Manuelni"," Crna"," Nije registrovan","Domace tablice"," Nije ostecen"
"3376",600,"Polovan motor","Suzuki","Sport / Super sport","gsx 600 f",1988,675675,600,35,48,4," Manuelni"," Sme휃a"," Nije registrovan","Domace tablice"," Nije ostecen"
"3385",1000,"Polovan motor","Suzuki","Naked","gs500E",1996,60000,500,35,48,2," Manuelni"," Crvena"," 04.2017.","Domace tablice"," Nije ostecen"
"3396",3600,"Polovan motor","Suzuki","Sport / Super sport","gsxr 1000 chip190ks opis",2003,1,998,140,190,4," Manuelni"," Crna"," 07.2015.","Domace tablice"," Nije ostecen"
"3404",2650,"Polovan motor","Suzuki","Scooter","burgman",2008,26942,400,25,34,NA," Automatski"," Bordo"," 07.2017.","Domace tablice"," Nije ostecen"
"3409",4500,"Polovan motor","Suzuki","Enduro / Cross","VStrom DL 650",2007,60000,645,49,67,2," Manuelni"," Plava"," 05.2017.","Domace tablice"," Nije ostecen"
"3415",1500,"Polovan motor","Suzuki","Enduro / Cross","800",1999,33432,800,29,40,1," Manuelni"," Crna"," Nije registrovan","Domace tablice"," Nije ostecen"
"3418",1200,"Polovan motor","Suzuki","Scooter","burgman",2003,19000,125,13,18,NA," Automatski",""," Nije registrovan","Domace tablice"," Nije ostecen"
"3426",550,"Polovan motor","Suzuki","Sport / Super sport","gsx 600 f",1989,45000,599,63,86,4," Manuelni"," Plava"," Nije registrovan","Domace tablice"," Nije ostecen"
"3427",2500,"Polovan motor","Suzuki","Sport / Super sport","gsxr 750 k2",2001,27797,749,103,140,4," Manuelni"," Siva"," 06.2017.","Domace tablice"," Nije ostecen"
"3430",1450,"Polovan motor","Suzuki","Chopper / Cruiser","Vx 800",1994,69175,805,47,64,2," Manuelni"," Bordo"," Nije registrovan","Domace tablice"," Nije ostecen"
"3439",2600,"Polovan motor","Suzuki","Sport / Super sport","gsxr 600",2003,37446,600,88,120,4," Manuelni"," Plava"," 01.2018.","Domace tablice"," Nije ostecen"
"3446",700,"Polovan motor","Suzuki","Enduro / Cross","DR",1992,34000,600,32,44,1," Manuelni"," Bela"," Nije registrovan"," Strane tablice"," Nije ostecen"
"3450",1700,"Polovan motor","Suzuki","Scooter","burgman",2003,28000,400,33,45,1," Automatski"," Siva"," 06.2017.","Domace tablice"," Nije ostecen"
"3457",3200,"Polovan motor","Suzuki","Naked","gsr",2006,30000,599,72,98,4," Manuelni"," Crna"," 03.2017.","Domace tablice"," Nije ostecen"
"3463",1400,"Polovan motor","Suzuki","Sport / Super sport","SV 650 R",2006,25000,645,55,75,2," Manuelni"," Plava"," 07.2017.","Domace tablice"," ostecen - u voznom stanju"
"3467",2299,"Polovan motor","Suzuki","Sport / Super sport","k3 600 za 1000cm noviji",2003,53000,600,100,136,4," Manuelni"," Crna"," 08.2017.","Domace tablice"," Nije ostecen"
"3469",1500,"Polovan motor","Suzuki","Sport / Super sport","gsxr",1995,45000,750,96,131,4," Manuelni",""," 03.2017.","Domace tablice"," Nije ostecen"
"3472",2499,"Polovan motor","Suzuki","Scooter","Burgman",2003,1,650,50,68,NA," Automatski",""," Nije registrovan"," Na ime kupca"," Nije ostecen"
"3491",3737,"Polovan motor","Suzuki","Sport / Super sport","GSXR 1000",2005,53000,988,125,170,4," Manuelni"," Plava"," 06.2017.","Domace tablice"," Nije ostecen"
"3500",900,"Polovan motor","Suzuki","Chopper / Cruiser","marauder 125",1999,9000,125,8,11,1," Manuelni"," Siva"," 08.2017.","Domace tablice"," Nije ostecen"
"3502",7500,"Polovan motor","Suzuki","Scooter","Burgman 650",2014,18000,638,41,56,2," Automatski"," Siva"," 05.2017.","Domace tablice"," Nije ostecen"
"3504",2799,"Polovan motor","Suzuki","Enduro / Cross","V Strom 1000",2002,35937,1000,71,97,4," Manuelni"," Crna"," Nije registrovan","Domace tablice"," Nije ostecen"
"3506",2000,"Polovan motor","Suzuki","Sport / Super sport","TL 1000 NOV",1998,30000,1000,93,126,2," Manuelni"," Crna"," 06.2017.","Domace tablice"," Nije ostecen"
"3514",1300,"Polovan motor","Suzuki","Sport / Super sport","gsxr600",1997,24400,599,88,120,4," Manuelni"," Plava"," Nije registrovan"," Strane tablice"," Nije ostecen"
"3536",1100,"Polovan motor","Suzuki","Enduro / Cross","dr650rs",1994,3000,650,45,61,1," Manuelni"," Plava"," Nije registrovan"," Na ime kupca"," Nije ostecen"
"3551",1800,"Polovan motor","Suzuki","Sport / Super sport","gsxf600",2000,10500,600,59,80,4," Manuelni"," Crvena"," 09.2017.","Domace tablice"," Nije ostecen"
"3565",1800,"Polovan motor","Suzuki","Chopper / Cruiser","Savage LS650",1992,65000,652,23,31,1," Manuelni"," Crna"," 07.2017.","Domace tablice"," Nije ostecen"
"3571",3200,"Polovan motor","Suzuki","Sport / Super sport","GSXR K7 HITNO",2008,45000,600,92,125,4," Manuelni"," Crna"," Nije registrovan"," Strane tablice"," Nije ostecen"
"3577",4450,"Polovan motor","Suzuki","Chopper / Cruiser","boulevard 800 /intruder/",2006,3753,805,39,53,4," Manuelni"," Crna"," Nije registrovan"," Na ime kupca"," Nije ostecen"
"3583",1200,"Polovan motor","Suzuki","Sport / Super sport","RF 600 R",1993,50800,600,72,98,4," Manuelni"," Crvena"," 06.2017.","Domace tablice"," Nije ostecen"
"3589",1100,"Polovan motor","Suzuki","Sport / Super sport","RF 400",1996,46500,399,38,52,4," Manuelni"," Crvena"," Nije registrovan","Domace tablice"," Nije ostecen"
"3617",2750,"Polovan motor","Suzuki","Scooter","Burgman 400",2009,35000,400,24,32,1," Automatski"," Crna"," 06.2017.","Domace tablice"," Nije ostecen"
"3629",3000,"Polovan motor","Suzuki","Scooter","Burgman AN400Z",2007,24500,400,25,34,NA," Automatski"," Siva"," 07.2017.","Domace tablice"," Nije ostecen"
"3638",2500,"Polovan motor","Suzuki","Sport / Super sport","GSXR",2002,58000,1000,120,163,4," Manuelni"," Plava"," 04.2017.","Domace tablice"," Nije ostecen"
"3653",2000,"Polovan motor","Suzuki","Touring","GSF1200S Bandit 1200",1996,53500,1157,72,98,4," Manuelni"," Crvena"," Nije registrovan","Domace tablice"," Nije ostecen"
"3656",4450,"Polovan motor","Suzuki","Chopper / Cruiser","boulevard 800 /intruder/",2006,3753,805,39,53,4," Manuelni"," Crna"," Nije registrovan"," Na ime kupca"," Nije ostecen"
"3667",3200,"Polovan motor","Suzuki","Naked","Bandit",2007,20000,650,57,77,NA," Manuelni"," Crna"," 04.2017.","Domace tablice"," Nije ostecen"
"3673",850,"Polovan motor","Suzuki","Naked","gs40x",1981,83000,400,20,27,2," Manuelni","Zuta"," 08.2017.","Domace tablice"," Nije ostecen"
"3679",950,"Polovan motor","Suzuki","Enduro / Cross","TS",1993,20000,125,16,22,1," Manuelni"," Plava"," Nije registrovan","Domace tablice"," Nije ostecen"
"3689",4800,"Polovan motor","Suzuki","Sport / Super sport","GSXR 750 K7",2007,30000,750,110,150,4," Manuelni"," Crna"," 05.2017.","Domace tablice"," Nije ostecen"
"3705",2000,"Polovan motor","Suzuki","Sport / Super sport","Gsxr srad",2000,60000,600,85,116,4," Manuelni"," Plava"," Nije registrovan","Domace tablice"," Nije ostecen"
"3707",800,"Polovan motor","Suzuki","Sport / Super sport","GSXR",1992,130000,1100,103,140,NA," Manuelni"," Plava"," Nije registrovan","Domace tablice"," ostecen - nije u voznom stanju"
"3721",1900,"Polovan motor","Suzuki","Naked","Bandit 600s",1998,56000,599,25,34,4," Manuelni"," Tirkiz"," Nije registrovan","Domace tablice"," Nije ostecen"
"3733",1600,"Polovan motor","Suzuki","Naked","GSF 600 Bandit",1996,98000,599,54,73,4," Manuelni"," Crvena"," 08.2017.","Domace tablice"," Nije ostecen"
"3736",1050,"Polovan motor","Suzuki","Scooter","Burgman",2002,53700,250,17,23,NA," Automatski"," Teget"," Nije registrovan","Domace tablice"," Nije ostecen"
"3744",2600,"Polovan motor","Suzuki","Naked","Bandit GSF600",2002,32000,600,57,77,4," Manuelni"," Crna"," 07.2017.","Domace tablice"," Nije ostecen"
"3751",3500,"Polovan motor","Suzuki","Chopper / Cruiser","Intruder 600",1996,22971,598,33,45,2," Manuelni"," Crna"," 08.2016.","Domace tablice"," Nije ostecen"
"3763",1550,"Polovan motor","Suzuki","Sport / Super sport","GSX F 600",2001,36000,600,59,80,4," Manuelni"," Crna"," Nije registrovan","Domace tablice"," Nije ostecen"
"3774",685,"Polovan motor","Suzuki","Enduro / Cross","TSR",1996,10,125,21,29,1," Manuelni","Zuta"," Nije registrovan","Domace tablice"," Nije ostecen"
"3778",5900,"Polovan motor","Suzuki","Sport / Super sport","GSX R 1000 K 8",2009,22000,999,136,185,4," Manuelni"," Crna"," Nije registrovan","Domace tablice"," Nije ostecen"
"3780",3100,"Polovan motor","Suzuki","Scooter","Burgman",2008,29000,400,39,53,2," Automatski"," Crna"," 08.2017.","Domace tablice"," Nije ostecen"
"3784",120,"Polovan motor","Suzuki","Mini bike (pocket bike)","r1",2000,100,50,2,3,1," Automatski"," Plava"," Trajno registrovan","Domace tablice"," Nije ostecen"
"3790",1300,"Polovan motor","Suzuki","Enduro / Cross","dr big",1994,38000,650,36,49,1," Manuelni"," Crvena"," 07.2017.","Domace tablice"," Nije ostecen"
"3806",800,"Polovan motor","Suzuki","Naked","750",1991,67000,750,36,49,4," Manuelni"," Plava"," 04.2017.","Domace tablice"," Nije ostecen"
"3808",6350,"Polovan motor","Suzuki","Sport / Super sport","Gsxr 1000 k8",2009,39000,1000,134,182,4," Manuelni"," Plava"," 07.2017.","Domace tablice"," Nije ostecen"
"3810",950,"Polovan motor","Suzuki","Sport / Super sport","GSX750F",1989,53600,750,40,54,4," Manuelni"," Crna"," 05.2017.","Domace tablice"," Nije ostecen"
"3812",2800,"Polovan motor","Suzuki","Sport / Super sport","SV1000S",2003,21500,998,88,120,2," Manuelni"," Plava"," Nije registrovan"," Na ime kupca"," Nije ostecen"
"3813",1750,"Polovan motor","Suzuki","Sport / Super sport","tl1000r",1999,64410,1000,107,146,2," Manuelni"," Bela"," 05.2017.","Domace tablice"," Nije ostecen"
"3815",6800,"Polovan motor","Suzuki","Sport / Super sport","GSXR 600",2011,12840,600,93,126,4," Manuelni"," Plava"," 04.2017.","Domace tablice"," Nije ostecen"
"3819",1650,"Polovan motor","Suzuki","Chopper / Cruiser","VX800",1997,38300,805,36,49,2," Manuelni"," Plava"," Nije registrovan","Domace tablice"," Nije ostecen"
"3826",7300,"Polovan motor","Suzuki","Chopper / Cruiser","Intruder 1800",2008,24000,1783,92,125,2," Manuelni","Zuta"," 05.2017.","Domace tablice"," Nije ostecen"
"3827",3000,"Polovan motor","Suzuki","Sport / Super sport","GSXR 1000",2003,47000,998,135,184,4," Manuelni"," Siva"," 04.2017.","Domace tablice"," Nije ostecen"
"3835",4900,"Polovan motor","Suzuki","Chopper / Cruiser","Boulevard",2006,12652,800,39,53,2," Manuelni"," Crna"," Nije registrovan","Domace tablice"," Nije ostecen"
"3862",4100,"Polovan motor","Suzuki","Naked","gsr600",2011,17000,600,72,98,4," Manuelni"," Siva"," 05.2017.","Domace tablice"," Nije ostecen"
"3864",2500,"Polovan motor","Suzuki","Sport / Super sport","gsxr 600 k2",2002,45760,600,88,120,4," Manuelni"," Plava"," 05.2017.","Domace tablice"," Nije ostecen"
"3875",1350,"Polovan motor","Suzuki","Scooter","BURGMAN 400",2000,40000,400,24,33,1," Automatski"," Siva"," Nije registrovan","Domace tablice"," Nije ostecen"
"3881",1500,"Polovan motor","Suzuki","Scooter","Burgman AN400 HITNO",2005,40000,385,24,33,1," Automatski",""," 04.2017.","Domace tablice"," Nije ostecen"
"3886",4750,"Polovan motor","Suzuki","Sport / Super sport","k7 gsxr600",2008,21000,599,88,120,4," Manuelni"," Crna"," Nije registrovan","Domace tablice"," Nije ostecen"
"3910",2600,"Polovan motor","Suzuki","Naked","sv650",2007,34500,650,53,72,2," Manuelni"," Plava"," 02.2017.","Domace tablice"," Nije ostecen"
"3913",650,"Polovan motor","Suzuki","Sport / Super sport","RG",1996,21000,125,9,12,1," Manuelni"," Crna"," Nije registrovan","Domace tablice"," Nije ostecen"
"3914",1400,"Polovan motor","Suzuki","Touring","GSX 750 F",1990,50000,748,77,105,4," Manuelni"," Crna"," 05.2017.","Domace tablice"," Nije ostecen"
"3922",2800,"Polovan motor","Suzuki","Sport / Super sport","GSXR 1000",2002,30080,998,118,160,4," Manuelni"," Plava"," 05.2017.","Domace tablice"," Nije ostecen"
"3934",950,"Polovan motor","Suzuki","Enduro / Cross","Dr",1993,48000,650,27,37,1," Manuelni"," Crvena"," 09.2017.","Domace tablice"," Nije ostecen"
"3936",2100,"Polovan motor","Suzuki","Sport / Super sport","GSXR",2003,58000,600,84,114,4," Manuelni","Zuta"," Nije registrovan","Domace tablice"," Nije ostecen"
"3942",1500,"Polovan motor","Suzuki","Chopper / Cruiser","intruder",2001,30000,125,8,11,4," Manuelni"," Siva"," Nije registrovan","Domace tablice"," Nije ostecen"
"3947",6690,"Polovan motor","Suzuki","Sport / Super sport","GSXR 600",2011,18700,600,93,127,NA," Manuelni"," Narand탑asta"," 05.2017.","Domace tablice"," Nije ostecen"
"3950",600,"Polovan motor","Suzuki","Sport / Super sport","rg 125 gama",1993,37000,125,11,15,1," Manuelni"," Crna"," Nije registrovan","Domace tablice"," Nije ostecen"
"3959",3500,"Polovan motor","Suzuki","Sport / Super sport","K4",2004,41000,1000,121,165,4," Manuelni"," Crna"," 04.2017.","Domace tablice"," Nije ostecen"
